Price,Close,High,Low,Open,Volume
Ticker,PFAVAL.CL,PFAVAL.CL,PFAVAL.CL,PFAVAL.CL,PFAVAL.CL
Date,,,,,
2025-01-02,433.4522705078125,433.4522705078125,423.98824713427945,422.09544245957284,1242177
2025-01-03,438.184326171875,440.07713103654834,434.3987164425284,433.4523140101917,2385850
2025-01-07,440.0771789550781,440.0771789550781,430.6131536012055,438.1843738843036,1979583
2025-01-08,438.184326171875,442.9163383335583,435.345118874865,440.07713103654834,564204
2025-01-09,435.3450927734375,439.1307022758152,435.3450927734375,438.18429990022076,3706319
2025-01-10,433.4522705078125,439.1306845319323,430.61306349575256,435.3450751825191,578546
2025-01-13,442.91632080078125,442.91632080078125,432.50589445717316,433.45229685204663,1136140
2025-01-14,437.2378845214844,437.2378845214844,437.2378845214844,442.91629860617894,621986
2025-01-15,447.6483459472656,447.6483459472656,441.02352898821516,437.2379192973292,13140164
2025-01-16,450.4874572753906,452.38026171772424,445.7554461695567,447.64825061189026,2286281
2025-01-17,450.4874572753906,451.43385949655743,441.0234350637228,450.4874572753906,1118641
2025-01-20,453.3267517089844,458.0587637309988,450.4875444957757,450.4875444957757,2802183
2025-01-21,453.3267517089844,453.3267517089844,453.3267517089844,453.3267517089844,0
2025-01-22,451.4339904785156,458.05880794885024,451.4339904785156,456.16600295732604,7370540
2025-01-23,455.2195129394531,455.2195129394531,443.8626851738119,451.4339036842394,1683055
2025-01-24,460.89794921875,460.89794921875,450.4875232610369,455.21953505999744,3337744
2025-01-27,467.5227966308594,468.4691990531891,444.8091384949472,460.89797967455166,2803965
2025-01-28,491.27899169921875,494.1297402003747,474.1745006922827,469.42325319035604,35814171
2025-01-29,527.3885498046875,529.289049083263,484.62731603673984,491.2790635117539,9722871
2025-01-30,551.1446533203125,551.1446533203125,522.6371712520205,527.3884182634025,8247526
2025-01-31,521.6871337890625,552.095127015383,521.6871337890625,551.1448772270605,3329834
2025-02-03,508.383544921875,522.637289172021,498.88104875511095,521.6870395553447,2491907
2025-02-04,532.1397094726562,532.1397094726562,512.1844703674317,508.38347244262695,5201468
2025-02-05,528.3388061523438,533.0900544091094,523.587557895578,532.1398047577563,1403986
2025-02-06,517.8860473632812,527.3885436451764,515.0352984787128,528.3387932733658,1781659
2025-02-07,521.6871337890625,536.8911304022228,508.3836367525472,517.8861346357724,1518995
2025-02-10,524.5377807617188,532.1397775843524,522.6372815560604,521.6870319532312,1106339
2025-02-11,551.1446533203125,551.1446533203125,528.3386676656788,524.5376700565732,3351404
2025-02-12,546.3933715820312,551.1446182914402,533.0898807956861,551.1446182914402,4065268
2025-02-13,541.6421508789062,544.4928990414268,539.7416521038925,546.3933978164405,3409262
2025-02-14,548.2940673828125,550.1945667498239,547.3438176993068,541.6423195982724,1841813
2025-02-17,555.89599609375,560.6472439236111,551.1447482638889,548.2939995659722,3114499
2025-02-18,569.199462890625,569.199462890625,555.8959696010278,555.8959696010278,2787515
2025-02-19,458.020263671875,458.020263671875,455.16951514279697,455.16951514279697,1944371
2025-02-20,612.9108276367188,612.9108276367188,590.1048433525617,592.9555913880814,2552446
2025-02-21,610.0601806640625,627.1646717107185,598.6571866329585,612.9109291718385,1258694
2025-02-24,614.8115234375,627.1647688852396,603.4085276395866,610.0602751883695,2938644
2025-02-25,614.8114624023438,624.3434230597445,614.8114624023438,616.7178545338239,2091713
2025-02-26,604.3263549804688,605.279551123971,588.1220205409294,614.8115125589942,2421142
2025-02-27,590.9816284179688,605.2795710409841,590.9816284179688,604.3263748661165,1467645
2025-02-28,558.5728759765625,580.4963847606256,558.5728759765625,590.9815411356122,4773182
2025-03-03,556.6665649414062,569.0581151883896,552.8537802500267,558.572957287096,1812456
2025-03-04,554.7600708007812,556.6664627966602,533.7897588461126,556.6664627966602,2652620
2025-03-05,576.68359375,605.2794744318182,556.6664772727273,554.7600852272727,2187719
2025-03-06,577.63671875,580.4963064665841,570.9643474113036,576.6835228444719,1796980
2025-03-07,577.63671875,579.5431105610561,570.9643474113036,577.63671875,1053304
2025-03-10,573.8240356445312,592.8879570945156,571.9176434995328,577.6368199345281,1286893
2025-03-11,559.5260620117188,559.5260620117188,552.8536898923286,573.8240022675549,1152922
2025-03-12,571.9176025390625,576.6835825602213,566.1984265136718,559.5260544840495,1685020
2025-03-13,562.3856201171875,572.870775746491,562.3856201171875,571.9175797801906,426615
2025-03-14,567.1516723632812,570.0112606272978,562.3856919232537,562.3856919232537,2942833
2025-03-17,563.3388671875,573.824023767978,562.3856711347293,567.1516513985829,6744756
2025-03-18,552.8536987304688,563.3388550857018,552.8536987304688,563.3388550857018,4334884
2025-03-19,547.1345825195312,562.385720708229,547.1345825195312,552.8537593402929,1654534
2025-03-20,533.7899169921875,550.9474500383649,533.7899169921875,547.1346649169922,3892505
2025-03-21,533.7899169921875,533.7899169921875,533.7899169921875,533.7899169921875,0
2025-03-24,533.7899169921875,533.7899169921875,533.7899169921875,533.7899169921875,0
2025-03-25,528.0706787109375,538.5558365914795,527.1174825399792,519.4919131723121,5024734
2025-03-26,530.9302368164062,573.8240620529202,521.3982756527365,528.0706484673053,4920863
2025-03-27,532.8365478515625,543.3217035337935,530.9301559093386,530.9301559093386,3327799
2025-03-28,527.1174926757812,538.5558469472268,520.4451193507714,532.836669811504,2363450
2025-03-31,538.8907470703125,539.8479242409525,521.6615579987928,529.3189753639126,1769276
2025-04-01,538.8907470703125,550.3768731179923,536.0192155583925,538.8907470703125,2798188
2025-04-02,539.847900390625,542.7194317756815,533.1476604921597,538.8907232622728,5511133
2025-04-03,544.6338500976562,544.6338500976562,528.3618370015927,539.8479638929317,1376493
2025-04-04,518.7900390625,537.933582939345,502.51802676718177,544.6338232962408,6600611
2025-04-07,518.7900390625,520.7043934501845,502.51802676718177,518.7900390625,1558971
2025-04-08,502.5180969238281,526.4475301106771,499.64656494140627,518.7901114908855,3358983
2025-04-09,526.4474487304688,526.4474487304688,494.8606018066406,502.5180192427202,5762438
2025-04-10,502.5180969238281,526.4475301106771,501.56091959635415,526.4475301106771,2507000
2025-04-11,512.0897827148438,516.8756685346086,489.1175307799723,502.518011075314,5266312
2025-04-14,516.8756103515625,522.6186726888021,516.8756103515625,512.0897250705295,896045
2025-04-15,516.8756103515625,516.8756103515625,514.9612562391493,516.8756103515625,267213
2025-04-16,536.9763793945312,538.8907336882729,508.2610649884066,516.875659310244,6401542
2025-04-17,536.9763793945312,536.9763793945312,536.9763793945312,536.9763793945312,0
2025-04-18,536.9763793945312,536.9763793945312,536.9763793945312,536.9763793945312,0
2025-04-21,533.147705078125,539.8479455369165,529.3189962445299,536.9764139117202,1096879
2025-04-22,545.5909423828125,553.2483591180098,530.2761089124177,533.1476401881167,8960890
2025-04-23,545.5909423828125,549.4196507504112,536.0191714638158,545.5909423828125,762768
2025-04-24,546.5482177734375,550.3769268296437,541.7623314531797,545.591040509386,1728672
2025-04-25,547.7974853515625,548.7585335714775,542.0311960320724,548.7585335714775,328290
2025-04-28,547.7974853515625,552.6027264511376,547.7974853515625,547.7974853515625,711635
2025-04-29,547.7974853515625,547.7974853515625,547.7974853515625,547.7974853515625,379554
2025-04-30,551.6415405273438,552.6025885073566,542.9921087072286,547.7973486072926,3229707
2025-05-01,551.6415405273438,551.6415405273438,551.6415405273438,551.6415405273438,0
2025-05-02,553.563720703125,557.4079132080078,552.6026725769043,551.6416244506836,989241
2025-05-05,555.48583984375,557.4079361753893,549.7195508488322,553.5637435121107,1468490
2025-05-06,551.6415405273438,552.6025885073566,542.9921087072286,547.7973486072926,3229707
2025-05-07,565.096435546875,565.096435546875,557.4080486686862,557.4080486686862,1891375
2025-05-08,576.6288452148438,576.6288452148438,563.1741721598307,565.0962683105469,6300840
2025-05-09,573.745849609375,575.6679462579826,567.9795596635521,576.6289945822864,1260884
2025-05-12,573.745849609375,562.2132697177293,576.6289945822864,573.745849609375,1889755
2025-05-13,576.6288452148438,573.7457009887695,581.4340855916341,573.7457009887695,1664656
2025-05-14,573.745849609375,573.745849609375,584.3173811767169,576.6289945822864,925432
2025-05-15,576.6288452148438,576.6288452148438,567.018364461263,573.7457009887695,2037755
2025-05-16,574.7068481445312,576.62894462662,573.7457999034868,576.62894462662,953007
2025-05-19,572.7847290039062,572.7847290039062,560.2911023645593,574.7068254099596,977219
2025-05-20,572.7847290039062,572.7847290039062,567.9794879887728,572.7847290039062,879696
2025-05-21,561.252197265625,572.784776661494,557.4080041336687,572.784776661494,1593166
2025-05-22,562.2132568359375,562.2132568359375,557.4080153245193,561.2522085336539,1287723
2025-05-23,562.2132568359375,567.0184983473558,560.2911602313702,562.2132568359375,1922212
2025-05-26,563.1741943359375,567.0183867887425,562.2131462227362,562.2131462227362,1063587
2025-05-27,564.4285888671875,568.2879296457666,563.4637536725428,565.3934240618323,1215229
2025-05-28,564.4285888671875,568.2879296457666,563.4637536725428,564.4285888671875,1132287
2025-05-29,550.9208374023438,564.4285286871648,550.9208374023438,564.4285286871648,1028748
2025-05-30,561.5340576171875,561.5340576171875,559.6043873160975,550.9208709611926,2313856
2025-06-03,568.2879638671875,574.0769753836614,567.3231286144419,561.534117097968,1900305
2025-06-04,568.2879638671875,576.9714811418984,564.4286228562049,568.2879638671875,989211
2025-06-05,567.3230590820312,569.2527293510177,562.498883409565,568.2878942165245,363752
2025-06-06,559.6043701171875,565.3933808425377,559.6043701171875,567.323051084321,725642
2025-06-09,557.6746826171875,567.3230335275194,557.6746826171875,559.6043527992539,679281
2025-06-10,561.5340576171875,573.1120794237274,561.5340576171875,557.6747170150076,1692075
2025-06-11,558.6394653320312,567.3229803371923,555.7449603303108,561.5339703337517,1159880
2025-06-12,553.8152465820312,559.6042561281849,553.8152465820312,558.6394212038259,608824
2025-06-13,552.8505249023438,557.6747005123118,540.3076683164267,553.8153600243373,7211549
2025-06-16,555.7449951171875,573.1120262145996,555.7449951171875,552.8504899342855,5508810
2025-06-17,556.7097778320312,561.5339526832621,553.8152729212928,555.7449428617851,1405653
2025-06-18,559.6043701171875,559.6043701171875,556.7098647545124,556.7098647545124,438270
2025-06-19,559.6043701171875,559.6043701171875,554.7801945127289,559.6043701171875,444846
2025-06-20,554.7800903320312,559.6042650305707,554.7800903320312,559.6042650305707,914758
2025-06-24,554.7800903320312,559.6042650305707,549.9559156334918,554.7800903320312,3118187
2025-06-25,552.8505249023438,556.7098653903182,550.9208546583565,554.7801951463309,1100029
2025-06-26,554.7800903320312,556.709760211447,554.7800903320312,552.8504204526155,3103480
2025-06-27,549.9560546875,555.7450657894736,549.9560546875,554.7802306058114,1543899
2025-06-30,549.9560546875,549.9560546875,549.9560546875,549.9560546875,0
2025-07-01,552.8505249023438,553.8153600243373,552.8505249023438,549.9560195363629,498796
2025-07-02,552.8505249023438,554.7801951463309,549.9560195363629,552.8505249023438,991779
2025-07-03,548.0263671875,551.8857078014966,548.0263671875,552.8505429549956,559818
2025-07-04,548.0263671875,549.9560374944982,548.0263671875,548.0263671875,393992
2025-07-07,540.3076782226562,553.8153701782227,540.3076782226562,548.0263593401228,2081710
2025-07-08,548.0263671875,552.8505429549956,548.0263671875,540.307685959507,874357
2025-07-09,543.2021484375,550.9208290547292,543.2021484375,548.0263238232683,3564725
2025-07-10,549.9560546875,549.9560546875,544.1670435855264,543.202208401864,680287
2025-07-11,556.7097778320312,556.7097778320312,551.8856029808005,549.9559330403082,1110257
2025-07-14,555.7449951171875,555.7449951171875,554.7801600562201,556.7098301781548,158441
2025-07-15,559.6043701171875,559.6043701171875,554.7801945127289,555.7450296336207,2545090
2025-07-16,559.6043701171875,559.6043701171875,554.7801945127289,559.6043701171875,1925024
2025-07-17,569.2527465820312,569.2527465820312,554.780219126556,559.6043949450477,4687792
2025-07-18,568.2879638671875,569.2527991199331,564.4286228562049,569.2527991199331,1958638
2025-07-21,565.3933715820312,569.2527120023864,565.3933715820312,568.2878768972977,1333839
2025-07-22,562.4988403320312,565.3933455138427,561.5340052714274,565.3933455138427,1686167
2025-07-23,559.6043701171875,563.4637106007543,554.7801945127289,562.4988754798626,741987
2025-07-24,564.4285888671875,565.3934240618323,555.7450721153846,559.6044128939636,1752492
2025-07-25,571.182373046875,574.0768783156936,564.4285274196316,564.4285274196316,4703178
2025-07-28,568.5672607421875,578.2532447412026,566.6300639423845,573.4102527416951,4016821
2025-07-29,552.1009521484375,573.4101117050438,526.9173999451755,568.5671208967242,4202083
2025-07-30,564.6928100585938,564.6928100585938,558.88122024667,552.101032132759,1236536
2025-07-31,559.849853515625,565.6614436905277,555.9754600656898,564.6928453280439,478331
2025-08-01,556.9439697265625,559.8497643512228,556.9439697265625,559.8497643512228,990168
2025-08-04,556.9439697265625,556.9439697265625,556.9439697265625,556.9439697265625,0
2025-08-05,567.5985717773438,570.5043665134052,563.7241787959284,567.5985717773438,2481888
2025-08-06,568.5672607421875,571.4730559418921,561.787071942877,567.598662342286,3065887
2025-08-07,568.5672607421875,568.5672607421875,568.5672607421875,568.5672607421875,0
2025-08-08,578.253173828125,578.253173828125,571.472985860291,568.5671910169336,2178245
2025-08-11,581.1589965820312,586.9705865478516,578.2532015991211,578.2532015991211,259
2025-08-12,579.2217407226562,575.3473478081235,581.1589371799226,581.1589371799226,1137227
2025-08-13,609.248291015625,586.9705315667229,610.2168892525337,579.2217456714527,14250673
2025-08-14,613.1226196289062,613.1226196289062,607.3110308172578,609.2482270878073,3362415
2025-08-15,614.0913696289062,614.0913696289062,561.7870573892202,613.1227712540972,1575117
2025-08-19,629.5888671875,631.5260637019231,615.0598933293269,614.0912950721154,4589615
2025-08-20,625.7144165039062,631.5260055116825,620.8714256640927,629.5888091757571,1758222
2025-08-21,629.5888671875,629.5888671875,624.7458759014423,625.7144741586538,2237058
2025-08-22,639.27490234375,639.27490234375,623.7773289535985,629.5889189749054,1844125
2025-08-25,629.5888671875,639.2748497596153,628.6202689302885,639.2748497596153,1690061
2025-08-26,670.7060546875,670.7060546875,631.8245442708334,631.8245442708334,2513344
2025-08-27,642.5169677734375,664.8738365461895,638.6288166825242,670.7060631825595,1184305
2025-08-28,646.4050903320312,646.4050903320312,638.6287884934504,642.5169394127408,1605244
2025-08-29,646.4050903320312,646.4050903320312,632.7965621145148,646.4050903320312,2303390
2025-09-01,641.5450439453125,641.5450439453125,632.7967024369674,646.405233672171,336242
2025-09-02,641.5450439453125,641.5450439453125,641.5450439453125,641.5450439453125,0
2025-09-03,617.2439575195312,631.8245234451895,617.2439575195312,631.8245234451895,1342153
2025-09-04,616.27197265625,629.8805020208991,616.27197265625,617.2440104680106,3143428
2025-09-05,631.8245239257812,631.8245239257812,616.2719202599159,616.2719202599159,5951555
2025-09-08,641.5450439453125,650.2933854536577,623.0763229832505,631.8246644915956,1329132
2025-09-09,636.684814453125,642.5170417610925,629.8805492604962,641.5450038764312,828928
2025-09-10,645.4330444335938,645.4330444335938,622.1041392131024,636.6847049759095,566642
2025-09-11,637.65673828125,641.5448891244283,636.6847005704554,645.4330399676068,11425778
2025-09-12,639.6008911132812,646.4051559123587,637.656815456402,637.656815456402,542567
2025-09-15,624.0482788085938,634.7406948006413,618.2160519038405,639.6008838879357,2367546
2025-09-16,605.5795288085938,614.3278687111256,602.6634155077497,624.0482463806054,12872591
2025-09-17,606.5515747070312,609.4676880469689,605.579536927052,605.579536927052,1623657
2025-09-18,602.6633911132812,607.5235797512915,602.6633911132812,606.5515420236895,21617484
2025-09-19,611.4118041992188,611.4118041992188,599.7473500650524,602.663463598594,13141348
2025-09-22,624.0482788085938,624.0482788085938,602.6634468244986,611.4117871816285,1434645
2025-09-23,637.65673828125,637.65673828125,625.9922857517149,624.0482103301258,4346245
2025-09-24,638.62890625,638.62890625,633.7687167047184,637.6568683409437,2500136
2025-09-25,638.9215698242188,640.8724753809339,636.9706642675036,640.8724753809339,1619678
2025-09-26,638.9215698242188,643.7988337160067,636.9706642675036,638.9215698242188,653842
2025-09-29,638.9215698242188,639.8970226025764,635.9952114891461,638.9215698242188,3067245
2025-09-30,643.798828125,643.798828125,635.0197531960227,648.6760919744319,336242
2025-10-01,635.0196533203125,638.9214637861824,632.0932954709102,638.9214637861824,532039
2025-10-02,643.798828125,643.798828125,638.9215642755682,635.0197531960227,1921589
2025-10-03,657.4550170898438,663.30773237551,636.9705135900118,643.7986814232892,2465487
2025-10-06,657.4550170898438,663.30773237551,634.0441559471788,657.4550170898438,1612982
2025-10-07,662.3323364257812,662.3323364257812,657.4550732709522,657.4550732709522,292397
2025-10-08,658.4306030273438,658.4306030273438,653.5533393012153,662.3324140082466,289158
2025-10-09,677.9396362304688,679.89054165847,658.4305819504552,658.4305819504552,2201629
2025-10-10,687.6941528320312,692.571416327294,673.0623623462434,677.939625841506,1136860
2025-10-14,685.7432250976562,697.4486571050131,673.0623404230197,687.6941304322157,492922
2025-10-15,702.3258666992188,702.3258666992188,685.743172624376,685.743172624376,1796758
2025-10-16,710.1295166015625,712.0804218669515,692.5713692130623,702.3258955400069,1657639
2025-10-17,714.0313720703125,716.9577301525678,702.325939741291,710.129561293972,1722112
2025-10-20,714.0313720703125,723.7858990111638,682.8168858595884,714.0313720703125,1795591
2025-10-21,721.8349609375,721.8349609375,709.154076488598,714.0313397381757,4680435
2025-10-22,734.5159301757812,736.4668357008165,716.9577804504638,721.8350442630519,10574658
2025-10-23,741.3440551757812,753.0494876259252,727.6877173172801,734.5158862465307,13757050
2025-10-24,759.8776245117188,780.3621304356546,752.0740032073622,741.344023913872,22293241
2025-10-27,758.9021606445312,770.6075924282516,750.1230868067411,759.8776132931746,1934294
2025-10-28,743.5421752929688,763.1090746427838,743.5421752929688,761.1523847078023,4132265
2025-10-29,758.21728515625,760.1739749243952,752.3472158518146,743.5421118951613,10828068
2025-10-30,771.9141235351562,771.9141235351562,756.2606051871684,758.2172949806668,1397467
2025-10-31,760.174072265625,777.7842824339407,752.3473121908181,771.9142123778355,2636578
2025-11-04,782.6759033203125,782.6759033203125,753.3255569458007,760.1739710998535,3233451
2025-11-05,777.7841796875,792.459352889151,771.9141104068397,782.6759040880504,9249154
2025-11-06,782.6759033203125,791.481007232666,777.7841789245605,777.7841789245605,811793
2025-11-07,790.5027465820312,791.4810915654248,779.7409517647015,782.6759867148824,1461564
2025-11-10,792.4593505859375,792.4593505859375,782.6759018132716,790.5026608314043,838768
2025-11-11,792.4593505859375,801.2644544813368,792.4593505859375,792.4593505859375,632007
2025-11-12,792.4593505859375,802.2427993586034,786.5892813223379,792.4593505859375,1018166
2025-11-13,790.5027465820312,802.2428863827545,782.6759867148824,792.4594365488184,1068130
2025-11-14,771.9141235351562,780.7192276058995,757.2389500839175,790.502676573392,1547988
2025-11-18,753.3256225585938,760.1740373091264,750.3905876655083,771.9141768814682,838416
2025-11-19,753.3256225585938,753.3256225585938,736.693758164443,753.3256225585938,2820187
2025-11-20,743.5421752929688,758.2173498053301,743.5421752929688,753.3256249678763,1703526
2025-11-21,744.5204467773438,752.3472057447797,735.7153429389783,743.5421019064142,903592
2025-11-24,725.9319458007812,737.6720850859691,725.9319458007812,744.5204996689954,5911381
2025-11-25,747.81689453125,753.705216535433,736.0402505228839,728.1891545173064,1909802
2025-11-26,753.7052612304688,754.6866482893626,749.7797129948933,747.8169388771057,682810
2025-11-27,748.7982177734375,752.7237654419745,748.7982177734375,753.7051523591088,782233
2025-11-28,752.7237548828125,783.1467488872025,752.7237548828125,748.7982072693428,1409038
2025-12-01,760.5748901367188,760.5748901367188,736.0402162613407,752.7237944965977,1318364
2025-12-02,769.407470703125,780.2027285828882,760.5749869833187,760.5749869833187,1549072
2025-12-03,785.1095581054688,785.1095581054688,755.6679496765137,762.5376583099365,3233451
2025-12-04,772.3515625,772.3515625,767.4446275412961,765.4818535578145,1026488
2025-12-05,775.2957153320312,775.2957153320312,754.6865887219393,772.3515543877324,1999780
2025-12-09,785.1095581054688,786.0909450531007,777.2584625244141,775.2956886291504,7057630
2025-12-10,784.128173828125,784.128173828125,770.3887565144908,785.109560779099,766541
2025-12-11,773.3328247070312,773.3328247070312,767.4445037067239,784.1280798742614,915104
2025-12-12,762.5377197265625,762.5377197265625,761.5563326998873,773.3329770199887,91212
2025-12-15,758.6121826171875,762.5377307807952,757.6307955762855,762.5377307807952,543831
2025-12-16,745.8541259765625,759.5935440866571,742.9099649529708,758.6121570787932,1017631
2025-12-17,748.7982177734375,754.686539276243,746.835443939169,745.8540570220347,784761
2025-12-18,751.7423706054688,763.5190134870165,751.7423706054688,748.7982098850817,786077
2025-12-19,761.5562744140625,761.5562744140625,740.9471484312077,751.7424048984174,3074393
2025-12-22,750.7610473632812,750.7610473632812,745.8541124131945,761.5563042534721,216277
2025-12-23,745.8541259765625,747.8168999922902,745.8541259765625,750.761061015882,1597837
2025-12-24,749.1024780273438,749.1024780273438,748.1181120903827,748.1181120903827,171997
2025-12-26,751.0711669921875,751.0711669921875,750.0868011114638,749.1024352307401,198500
2025-12-29,763.8679809570312,763.8679809570312,754.024321408616,751.0712235440913,447588
2025-12-30,757.9618530273438,757.9618530273438,747.1338265555245,763.8680492846996,1547076
2025-12-31,757.9618530273438,757.9618530273438,757.9618530273438,757.9618530273438,0
2026-01-02,749.1024780273438,757.9617714599931,749.1024780273438,757.9617714599931,275902
2026-01-05,752.0556030273438,756.9774328900882,749.1025051096971,749.1025051096971,1835470
2026-01-06,757.9618530273438,766.8211474133776,757.9618530273438,752.0556567699878,662669
2026-01-07,757.9618530273438,757.9618530273438,757.9618530273438,757.9618530273438,107549
2026-01-08,761.8992919921875,762.8836580025132,748.118167847626,757.9618279508842,6089397
2026-01-09,755.0086669921875,763.8679603467243,754.0243010639057,761.8992284901606,1230999
2026-01-13,764.8524169921875,764.8524169921875,755.0087565418376,755.0087565418376,6523084
2026-01-14,767.8054809570312,776.664774968074,757.9618209447616,764.8523829533503,2814498
2026-01-15,763.8679809570312,767.8054447763974,763.8679809570312,767.8054447763974,7945995
2026-01-16,775.6802978515625,775.6802978515625,763.8679075289499,763.8679075289499,5305210
2026-01-19,782.5708618164062,787.4926911360063,775.6803007689663,775.6803007689663,1072129
2026-01-20,802.2582397460938,804.2269716227712,786.5083847326734,782.5709209793184,11280684
2026-01-21,826.8673706054688,831.789200192406,807.1800522577195,802.2582226707822,13150755
2026-01-22,831.7891845703125,836.7110140648114,828.8360868736131,826.8673550758136,16159620
2026-01-23,855.4140625,855.4140625,824.898716196778,831.7892782652474,13374072
2026-01-26,891.8355712890625,891.8355712890625,851.4765664073278,855.4140302982288,2565740
2026-01-27,937.5276489257812,952.3307170667146,906.9346414345189,894.1053157123766,3034561
2026-01-28,937.5276489257812,947.3963610197368,907.9215126439144,937.5276489257812,1421978
2026-01-29,919.7639770507812,923.7114619308276,915.816492170735,937.5276590109895,723372
2026-01-30,883.2498168945312,915.8165699196927,883.2498168945312,919.7640551348638,1776566
2026-02-02,851.6698608398438,879.3022549342999,848.7092471868663,883.2497398049364,2250846
2026-02-03,866.4729614257812,871.4073176981377,851.6698926087122,851.6698926087122,885139
2026-02-04,831.9324340820312,868.4466690298784,828.9718204376112,866.472926600265,1493646
2026-02-05,805.2869262695312,834.8930632647346,805.2869262695312,831.9324495652143,4562025
2026-02-06,791.470703125,820.0899679512157,791.470703125,805.2868999376559,8151151
2026-02-09,804.300048828125,814.1687610836848,793.4444653470092,791.4707228958972,7971500
2026-02-10,818.1162719726562,821.0768857433654,802.3263318622069,804.3000743760131,5670211
2026-02-11,802.3263549804688,818.11629554589,799.3657411244523,818.11629554589,3538244
2026-02-12,798.3788452148438,808.2475577638529,789.4970039207354,802.3263302344474,629887
2026-02-13,804.300048828125,804.300048828125,789.4969804447853,798.3788214747891,1342334
2026-02-16,817.1293334960938,817.1293334960938,817.1293334960938,804.3000082117348,70787
2026-02-17,789.4970092773438,816.1425333404541,789.4970092773438,817.1294046020508,1785509
2026-02-18,789.4970092773438,806.2738207244873,789.4970092773438,789.4970092773438,2790777
2026-02-19,794.4313354492188,798.3788203458608,789.4969793284162,789.4969793284162,3568393
2026-02-20,814.1687622070312,817.1293758877841,797.3919513494318,794.431337668679,6525437
2026-02-23,796.4050903320312,837.8536823939213,795.4182190924624,814.1687726442699,1986935
2026-02-24,792.7432250976562,806.5989119283269,791.7535331811797,798.6813765965151,1958016
2026-02-25,807.588623046875,807.588623046875,791.7535520067402,792.7432439467486,1286518
2026-02-26,783.8359985351562,796.7019934606071,771.9596955270479,807.5886045513731,1441622
2026-02-27,738.3101806640625,783.8360094985758,738.3101806640625,783.8360094985758,17661145
2026-03-02,699.712158203125,733.3616820771084,685.856471902073,738.3101414703413,2564993
2026-03-03,682.887451171875,687.8359109629755,643.2997728430706,699.7122144616169,3126223
2026-03-04,682.887451171875,687.8359109629755,643.2997728430706,699.7122144616169,3126223
2026-03-05,733.3616943359375,745.2379970782199,732.3720024407473,770.969986353165,2053039
2026-03-06,700.7018432617188,733.3616749391717,700.7018432617188,733.3616749391717,1403773
2026-03-09,740.2894897460938,746.2276407333619,704.6605838224849,700.7018164976396,1609913
2026-03-11,762.0628051757812,762.0628051757812,753.1555775828175,762.0628051757812,898717
2026-03-12,740.2894897460938,759.0936345391095,732.3719550964029,762.0627100327436,2255166
2026-03-13,712.5781860351562,736.3307922363281,712.5781860351562,740.2895599365235,1492824
2026-03-16,742.2689208984375,752.16583984375,735.3410776367188,712.5781640624999,1203619
2026-03-17,727.423583984375,752.1658827593537,724.4545081313776,742.2689632493622,1890236
2026-03-18,771.959716796875,771.959716796875,742.2689584585337,727.423579289363,3059993
2026-03-19,771.959716796875,771.959716796875,740.289574569311,771.959716796875,3140138
2026-03-20,771.959716796875,776.9081765199319,762.0627973507612,771.959716796875,5706456
2026-03-24,768.9906616210938,772.949429505887,744.2483623411358,771.9597375346888,1073866
2026-03-25,782.8463134765625,790.7638488846693,781.8566215505491,768.9906265123756,1115068
2026-03-26,752.1658935546875,770.9700408935547,752.1658935546875,782.8463444759972,527926
2026-03-27,716.5369262695312,755.1349098669232,716.5369262695312,752.1658342055853,2914773
2026-03-30,770.822265625,771.8155932868879,721.1558825306056,719.1692272068299,646493
2026-03-31,794.6621704101562,794.6621704101562,769.8289775848389,770.8223052978516,1718888
2026-04-01,794.6621704101562,804.5954475402832,769.8289775848389,794.6621704101562,519198
2026-04-02,794.6621704101562,794.6621704101562,794.6621704101562,794.6621704101562,0
2026-04-03,794.6621704101562,794.6621704101562,794.6621704101562,794.6621704101562,0
2026-04-06,799.6288452148438,799.6288452148438,765.8557014417945,794.6622064246894,802615
2026-04-07,764.8623046875,786.7155133928571,761.8823216822241,799.6287730823864,436398
2026-04-08,799.6288452148438,799.6288452148438,777.7756345381648,764.8623736837636,1041137
2026-04-09,804.595458984375,804.595458984375,784.7289044415509,799.6288203486689,1218782
2026-04-10,804.595458984375,804.595458984375,784.7289044415509,799.6288203486689,1218782
2026-04-13,804.595458984375,804.595458984375,804.595458984375,804.595458984375,0
2026-04-14,804.595458984375,804.595458984375,804.595458984375,804.595458984375,0
2026-04-15,858.235107421875,863.2017457750109,819.4953282674153,841.348537021213,42182600
2026-04-16,847.3085327148438,858.2351374743553,840.3552387769728,858.2351374743553,5113100
2026-04-17,838.3685913085938,850.288523886441,824.4620033011051,847.3085407419792,750432
2026-04-20,853.2684936523438,853.2684936523438,834.395267366669,838.3685781636532,1450862
2026-04-21,833.4019775390625,846.3152382160682,830.4219943059073,853.2685324267637,4612573
2026-04-22,810.555419921875,832.4086297727099,808.56876448089,833.4019574932023,1532410
2026-04-23,776.7822875976562,806.5821196026815,774.7956321306547,810.5554305366849,1153478
2026-04-24,788.7022094726562,801.6154698292614,770.8223105173568,776.78227683579,2010965
2026-04-27,818.2529907226562,835.1961098971815,792.3399849263237,791.3433308572339,3491405
2026-04-28,796.3265991210938,812.2730641848453,788.3533665892179,818.2529885837521,1434270
2026-04-29,789.3499755859375,797.3232076625632,786.3600135572029,796.3265536529849,11664357
2026-04-30,802.3065185546875,802.3065185546875,788.3533617102582,789.3500157705746,902581
2026-05-04,806.2930908203125,819.2495928977712,794.3332427488122,802.306474796479,739741
2026-05-05,806.2930908203125,806.2930908203125,806.2930908203125,806.2930908203125,0
2026-05-06,820.2462768554688,839.1827036601514,811.2763904743032,807.2897743048964,1330526
2026-05-07,846.1593017578125,846.1593017578125,804.2998309994755,820.2462960502705,4650757
2026-05-08,826.2261962890625,830.2128124352099,814.26634785062,846.1592770197998,3038812
2026-05-11,834.1994018554688,843.1692878969254,824.2328618094058,826.2261698186184,1558972
2026-05-12,811.2763671875,837.1893715448404,809.2830591600123,834.1994095036088,1138216
2026-05-13,820.2462768554688,790.346655584917,811.2763904743032,804.5927131308393,905771
2026-05-14,793.3366088867188,797.3232250117777,782.3734145428068,795.3299169492482,2134092
2026-05-15,764.4336547851562,795.3299302719097,764.4336547851562,793.3366221759901,1068908
2026-05-19,755.4637451171875,790.3466357228624,750.4804750306625,764.4336312729324,473468
2026-05-20,776.3934936523438,777.390147687841,756.4604129423991,755.463758906902,1453018
2026-05-21,777.39013671875,782.3734068259214,764.4336344401041,776.3934826973157,610851
2026-05-22,776.3934936523438,785.3633799718189,764.433645226377,777.390147687841,656376
2026-05-25,789.3499755859375,791.3432836050939,771.4102034135299,776.3934734614209,722432
2026-05-26,844.0,844.0,790.0,792.0,2450232
2026-05-27,840.0,852.0,834.0,844.0,2742929
